[
  {
    "songName": "ipsum dolor",
    "artist": "Lorem ipsum dolor",
    "image": "https://picsum.photos/200",
    "description": "Lorem ipsum dolor sit amet, consectetur adipiscing elit, sed do eiusmod tempor incididunt ut labore et dolore magna aliqua. Ut enim ad minim veniam, quis nostrud exercitation ullamco laboris nisi ut aliquip ex ea commodo consequat. Duis aute irure dolor in reprehenderit in voluptate velit esse cillum dolore",
    "spotifyLink": "https://picsum.photos/200"
  },
  {
    "songName": "ipsum dolor",
    "artist": "Lorem ipsum dolor",
    "image": "https://picsum.photos/200",
    "description": "Lorem ipsum dolor sit amet, consectetur adipiscing elit, sed do eiusmod tempor incididunt ut labore et dolore magna aliqua. Ut enim ad minim veniam, quis nostrud exercitation ullamco laboris nisi ut aliquip ex ea commodo consequat. Duis aute irure dolor in reprehenderit in voluptate velit esse cillum dolore",
    "spotifyLink": "https://picsum.photos/200"
  },
  {
    "songName": "ipsum dolor",
    "artist": "Lorem ipsum dolor",
    "image": "https://picsum.photos/200",
    "description": "Lorem ipsum dolor sit amet, consectetur adipiscing elit, sed do eiusmod tempor incididunt ut labore et dolore magna aliqua. Ut enim ad minim veniam, quis nostrud exercitation ullamco laboris nisi ut aliquip ex ea commodo consequat. Duis aute irure dolor in reprehenderit in voluptate velit esse cillum dolore",
    "spotifyLink": "https://picsum.photos/200"
  }
]
